,片名,英文名,預告片Url,內容介紹Url,觀眾評分,片長,級數,影片介紹
0,蜂刑者,The Beekeeper,https://today.line.me/tw/v2/article/LXLP7D0,https://today.line.me/tw/v2/movie/EX5Q8vk,9.8,• 1小時45分 • 上映1週,輔15級,★《玩命關頭X》動作巨星 傑森史塔森 最強動作演出 ★《怒火特攻隊》動作大導大衛艾亞重返巔峰動作鉅獻 ★《重案對決》編劇打造全新神祕殺手組織「蜂刑者」 ★繼《捍衛任務》《私刑教育》後，最強殺手現身大銀幕 ★全美由米高梅影業以超過3500間戲院超大規模盛大發行 ★與全美同步上映，IMAX、Dolby Cinema、4DX、MX4D版本震撼大銀幕  「蜂刑者」是獨立於指揮系統外的特別組織，致力維繫蜂巢體制的健全。 當腐壞侵蝕體制——他將不惜代價保護蜂巢，導正一切！   在摯友因遭詐騙而自殺身亡後，一名過去成謎的男子克雷（傑森史塔森 飾）滿腔怒火地對詐騙集團展開激烈的復仇。然而，當人們發現克雷曾
1,露梁：死亡之海,Noryang：Deadly Sea,https://today.line.me/tw/v2/article/5y5GlmK,https://today.line.me/tw/v2/movie/9m57J2r,9.9,• 1小時45分 • 上映1週,輔15級,★ 空降韓國票房冠軍！ ★《與神同行》發行團隊年度戰爭動作鉅獻 ★《韓山島海戰》《鳴梁：怒海交鋒》導演金漢珉執導 ★ 青龍影帝金倫奭接棒崔岷植、朴海日，扮演李舜臣將軍決一死戰！ ★《今生也請多指教》安普賢熱血共演！ ★《德魯納酒店》呂珍九X《地下菁英2》李帝勳驚喜演出！ ★ 繼韓國影史票房TOP1《鳴梁：怒海交鋒》、《韓山島海戰》後，本作為「李舜臣將軍三部曲」精彩最終章，將畫下震撼句點！ ★ 金漢珉導演率領《鳴梁：怒海交鋒》原班團隊斥資超過300億韓元打造磅礴最終章！ ★ 熱血沸騰海戰場景高達100分鐘更勝前作，費時6個月拍攝而成！ ★ 李舜臣將軍人生中的最後一場戰役震撼登場！  壬辰倭亂爆發
2,水行俠 失落王國,Aquaman and the Lost Kingdom,https://today.line.me/tw/v2/article/1DOyzGm,https://today.line.me/tw/v2/movie/gz62WX2,8.5,• 1小時45分 • 上映1週,輔15級,在【水行俠 失落王國】中，先前未能打敗水行俠的黑蝠鱝依然矢志為死去的父親報仇，他將不計代價只求徹底擊敗水行俠；而這次黑蝠鱝掌握能釋放古老邪惡力量的遠古神器黑色三叉戟，變得比以往更加強大。為了對抗黑蝠鱝，水行俠必須向前亞特蘭提斯之王，如今被囚禁的弟弟歐姆求助，兩人成為意想不到的盟友；兄弟倆必須克服己見，以保衛王國、拯救水行俠的家人和全世界免於毀滅。   原班卡司全數在【水行俠 失落王國】中回歸，包含：由傑森摩莫亞飾演的亞瑟庫里／水行俠，如今必須在亞特蘭提斯之王和新手父親兩份職責之間取得平衡；派翠克威爾森飾演歐姆，身為水行俠同母異父的弟弟與宿敵，這次被迫與哥哥結盟；安柏赫德飾演梅拉，如今是亞特蘭提
3,魔法公主(數位紀念版),Princess Mononoke,https://today.line.me/tw/v2/article/kEXpk0q,https://today.line.me/tw/v2/movie/LXL7q80,10,• 1小時45分 • 上映1週,輔15級,★ 宮﨑駿經典不敗動畫睽違27年重返大銀幕 ★ 日本票房202億締造吉卜力新里程碑，勇奪日本影史票房冠軍 ★ 首部與美國華特迪士尼合作進軍國際市場的吉卜力電影 ★ 耗資25億日圓製作費，耗時3年手繪14萬多幀畫稿 ★ 電影配樂大師久石讓傾力打造，感受身臨其境的沉浸式聽覺享受  唯有和解才能共存，我們一起活下去  中了致命詛咒的王子「阿席達卡」離開家鄉尋找解方，卻被捲入森林神獸與礦城人民之間的生存搏鬥，旅途中邂逅由山犬神族扶養成人的魔法公主「小桑」，小桑決心守護森林與人類對抗到底，戰役一觸即發，而阿席達卡則試著找出能夠化解大自然與人類紛爭、和平共處的方法。  甲上娛樂臉書: https://ww
4,金手指,The Goldfinger,https://today.line.me/tw/v2/article/MLvBy8j,https://today.line.me/tw/v2/movie/Vxmo0eB,8.9,• 1小時45分 • 上映1週,輔15級,⭐兩大影帝 梁朝偉 X 劉德華 大銀幕正面交鋒❗ ⭐空前絕後《無間道》夢幻陣容二十年後再現❗ ⭐金獎大導 莊文強 全新金融犯罪片❗ ⭐斥資３億５千萬港幣 重金打造金錢帝國❗ ⭐世紀絕版組合，改編自真實震驚全球 百億瞞天大騙局❗ ⭐紙醉金迷如 華爾街之狼，爾虞我詐似無間道❗  「紙醉金迷如華爾街，爾虞我詐似無間道」   80年代，香港上市公司加利集團幾年間從崛起到倒閉清算，主席程一言（梁朝偉 飾演）從股民偶像變成過街老鼠，廉政公署的高級調查主任劉啟源（劉德華 飾演）對該案展開跨國追查，揭開金融黃金時代商業舞台黑暗一幕。  龍祥電影粉絲專頁 https://www.facebook.com/lsm
5,怒潮,Wolf Hiding,https://today.line.me/tw/v2/article/LXLoayV,https://today.line.me/tw/v2/movie/x2MLOJn,9.6,• 1小時45分 • 上映1週,輔15級,★王大陸、阮經天，台灣兩大人氣男星首度大銀幕同台演出 ★《明日戰記》金馬、金像雙料影帝張家輝再創演技新巔峰 ★《五億探長雷洛傳》大反派「顏同」香港資深男星秦沛加盟演出 ★《朋友》《卑劣的街頭》動作指導申宰明打造韓式暴力美學  多年以來，暗中從事人體交易等犯罪活動的洪泰集團，被神秘人陳安（張家輝 飾）的突然出現攪動得惶恐不安。警察麥朗汶（阮經天 飾）、洪泰手下馬文康（王大陸 飾）受各自上司指令展開調查，一時間多方勢力交織其中，新舊秩序洶涌鬥狠，鹿死誰手尚不可知，一場打破黑暗秩序的角逐一觸即發。  車庫娛樂臉書: https://www.facebook.com/garageplay.tw  電影
6,鬼媽媽的假期,Our Season,https://today.line.me/tw/v2/article/9m57N3K,https://today.line.me/tw/v2/movie/oqrmNlq,10,• 1小時45分 • 上映1週,輔15級,★ 韓國觀眾9分超高分好評口碑盛讚！ ★ 《82年生的金智英》編劇X《完美搭檔》導演X《七罪追緝令》製作人細膩打造感人之作 ★ 「韓國國民媽媽」金海淑X《海岸村恰恰恰》申敏兒共演催淚動人鉅獻 ★ 重返人世的母親，與女兒共度的最後假期！  過世第三年的福子（金海淑 飾）獲得3天的假期，與負責說明規則的新人導覽員（姜基榮 飾）一同重返人間。福子一想到能見到在美國大學名校擔任教授的女兒真珠（申敏兒 飾），就感到開心不已。但沒想到她卻看到真珠回到老家，開始經營家常菜餐館。看不見母親、也聽不到母親聲音的真珠，不曉得母親福子為自己感到心急如焚，還和朋友美珍（黃寶羅 飾）一起尋找母親的食譜，當看到熟悉的
7,人犬,Dogman,https://today.line.me/tw/v2/article/605L9Va,https://today.line.me/tw/v2/movie/Qw3O9Qg,9.6,• 1小時45分 • 上映1週,輔15級,道格拉斯(卡賴伯蘭里瓊斯 飾演)他的扭曲人格來自於小時候的被虐陰影，因為他愛狗勝過自己的家人，讓他備受折磨。但是狗狗也成為他人生的慰藉，只有狗的陪伴，才讓他能夠在這個世界上存活下來。  當他與全世界為敵對戰時，他與狗狗一起捍衛生命！  傳影互動ifilm臉書: https://www.facebook.com/ifilm.tw
8,旺卡,Wonka,https://today.line.me/tw/v2/article/MLv1JQy,https://today.line.me/tw/v2/movie/Ggy8pDy,9.2,• 1小時45分 • 上映1週,輔15級,描述一個不可思議的故事，看著全世界最偉大的發明家、魔術師和巧克力製造商，是如何變成現今眾所周知且備受喜愛的威利旺卡。   華納兄弟臉書: https://www.facebook.com/WarnerBrosTW
9,富都青年,Abang Adik,https://today.line.me/tw/v2/article/nXmL6BL,https://today.line.me/tw/v2/movie/NvYW2M8,8.9,• 1小時45分 • 上映1週,輔15級,★金馬影后李心潔監製、王禮霖執導首部長片 ★《富都青年》橫掃國際9項大獎、吳慷仁奪FIRST青年電影展影帝寶座！ ★台北電影獎影帝吳慷仁聯手馬來西亞男星陳澤耀同台飆戲！ ★殿堂級名導楊德昌、侯孝賢、蔡明亮、王家衛御用音效大師杜篤之操刀！ ★入圍第60屆金馬獎7項大獎、金馬影展觀眾票選排行榜持續蟬聯冠軍！  沒有公民身份證的阿邦（吳慷仁飾）和阿迪（陳澤耀飾），在混雜外勞聚居的富都老社區裡苟且偷生。他們無法享有一般國民福利，無法申請護照，連銀行戶頭也開不了。哥哥阿邦天生啞巴，任勞任怨也認命，只求一份安定生活，弟弟阿迪則不甘向命運低頭，從而違法販賣假證件，他一心只想賺到錢就帶著哥哥離開這個厭惡的
10,叛諜檔案,The Bricklayer,https://today.line.me/tw/v2/article/aGvQJqn,https://today.line.me/tw/v2/movie/pej37o6,9.4,• 1小時45分 • 上映1週,輔15級,★《全面攻佔》傑瑞德巴特勒 親自傾力監製。 ★《全面攻佔》原班億萬團隊打造全新動作篇章！ ★《全面攻佔：倒數救援》亞倫艾克哈特退去總統職位，化身硬漢特務，火爆登場！ ★改編自暢銷作家-諾亞博伊德的同名神作，書評讚譽精彩刺激超越「神隱任務-傑克李奇」 ★CIA美國中情局慘遭構陷，創局以來最大危機！  犯罪組織殺死一名揭露中情局事件的小報記者，並向中央情報局索要100萬美元，否則將會有人持續死亡，中情局不以為意，僅派特務攜帶沒現金的行李袋前往，不料遭到識破並被殺害。犯罪組織進而謀殺一位參議員，該參議員曾大肆批評中央情報局辦事不利，這次索要200萬美元；特務帶著現金袋前往交易，卻在途中消失了。第三位
11,星願,Wish,https://today.line.me/tw/v2/article/JP9ngkK,https://today.line.me/tw/v2/movie/9mrjewm,7.7,• 1小時45分 • 上映1週,輔15級,《冰雪奇緣》《海洋奇緣》系列團隊製作 世界上最原始且神奇的力量 對著星星許下願望 魔法就會實現   迪士尼全新動畫《星願》將帶給大家扣人心弦的音樂劇，講述「向星星許願」的起源故事。人們將有史以來第一次見證星星的魔力與許願的力量，了解到在浩瀚宇宙中，懷有真心的願望是最強大的力量。這部電影將為華特迪士尼公司 100 週年慶祝活動迎來最高潮，同時慶祝華特迪士尼動畫工作室這一百年帶來的所有精彩故事。   故事以魔法國度羅莎市王國作為舞台展開，描述艾霞因為感知到其他人都未能察覺的黑暗正威脅著她的國家，於是向星空許願。在那片星空中，一顆活力四射的星星回應了她的願望，艾霞與寵物山羊小諾就此展開一場魔法冒險之
12,BIG,BIG,https://today.line.me/tw/v2/article/BE0r5yz,https://today.line.me/tw/v2/movie/qoPWL7k,9.9,• 1小時45分 • 上映1週,輔15級,魏德聖導演最新作品 816《BIG》 -不同背景的六個家庭，在兒癌病房中一起經歷的酸甜苦辣-  行動暗號「耶穌誕生」，是聖誕，是新生，更是重生。  整日鬧哄哄病房裡有在動物園長大的源源；老躲在自製機器人裡的是延；騎著車在醫院走廊冒險的羅恆；屁股長了球球只能穿裙子的努拉；厭世音樂少女珈農與情竇初開的中二少男大杉；以及老是吵架鬥嘴，到了緊要關頭卻又互相扶持的家長們。 這裡有耶穌 V.S. 地藏王、有輪椅尬車大會，有小孩說要喇舌一起睡！？苦樂共享的816病房，把握每個當下，珍惜好好說再見的機會。到底是誰把門上的816塗改成 BIG？BIG 代表什麼？全員又是為了什麼秘密任務而逃離醫院呢⋯⋯？
13,搖滾吧！中二樂團,On-Gaku: Our Sound,https://today.line.me/tw/v2/article/qoP92p2,https://today.line.me/tw/v2/movie/j7JgjXz,10,• 1小時45分 • 上映1週,輔15級,★改編自演員兼漫畫家 大橋裕之 原創漫畫《音樂和漫畫》 ★導演 岩井澤健治 採用「轉描機技術」展現人物生動感 ★費時7年、超過4萬張原稿，前所未見的全手繪動畫電影誕生！ ★2019 TIAF臺中國際動畫影展 ★第43屆加拿大渥太華國際動畫影展 最佳動畫長片 ★2020安錫國際動畫影展 長篇動畫最優秀原創音樂獎   惡名昭彰的不良高中生研二，和他的好友太田、朝倉，每天過著遊手好閒的高中生活。某天，研二擅自將追捕強盜犯的樂手寄託給他的貝斯帶回家，沒想到竟讓他和太田、朝倉三人興起了組成樂團的想法…。  更多資訊請見： 「車庫娛樂」粉絲頁：https://www.facebook.com/gara
14,細野晴臣：再會美國,Haruomi Hosono Sayonara America,https://today.line.me/tw/v2/article/9m56pzq,https://today.line.me/tw/v2/movie/rm91eNP,10,• 1小時45分 • 上映1週,輔15級,★日本當代樂壇巨匠 細野晴臣 首次美國個人演唱會全紀錄 ★與坂本龍一名列樂壇先驅，獨一無二的音樂家細野晴臣集大成演出 ★《紅白歌合戰》知名音樂節目執行製作人 佐渡岳利 執導 ★集結多位日本樂壇好手，共同打造精彩動人的音樂盛會 ★國際名模水原希子親妹「水原佑果」特別演出 ★一場充滿幸福氛圍與興奮情緒的演唱會，完整紀錄響徹大銀幕！ ★音樂是有趣的，是自由的，因為不需要口罩。  2019年，日本樂壇代表人物之一的音樂大師細野晴臣，迎來出道50周年紀念，並於美國紐約、洛杉磯舉辦首次單獨公演。兩年後的2021年，全世界因新冠病毒的影響遭逢巨變，在自由受到限制的世界中，潛入「曾經沒有口罩的世界」，將細野晴
15,窗邊的小荳荳,Totto-Chan: The Little Girl at the Window,https://today.line.me/tw/v2/article/kEXnXnJ,https://today.line.me/tw/v2/movie/wJGlK3E,14,• 1小時45分 • 上映1週,輔15級,💎影史最吸「金」配音團隊 陳淑芳 x 莫子儀 x 方志友 x 陳慕義 x 林品彤💎 📚全球暢銷2500萬冊的日本經典兒童文學📚 ☀️開春最溫暖人心的動畫電影☀️ 經典永流傳~世代必讀小說《窗邊的小荳荳》 42年後，終於以動畫電影之姿躍上大銀幕！  今年冬天，讓活潑可愛的小荳荳喚起沉睡已久的童心💖 所有陪伴著小荳荳的各位，都一定能充滿自信地生活著！   因為過於活潑好動，才就讀小學一年級的小荳荳被退學了！ 轉學到巴氏學園的她，對新環境滿懷期待與好奇。 新學校的小林校長是個溫柔的人，他對一般人眼裡「怪怪」的小荳荳充滿耐心，總是對小荳荳說：妳真是個好孩子！而活力充沛的小荳荳，也將在新學校展
16,法拉利,Ferrari,https://today.line.me/tw/v2/article/zNYkPV7,https://today.line.me/tw/v2/movie/yz3PGmB,9.1,• 1小時45分 • 上映1週,輔15級,★ 2023威尼斯影展競賽片 ★ 《奧本海默》《絕地營救》製片團隊打造年度鉅獻 ★ 《落日殺神》金獎名導麥可曼恩睽違7年最新作品 ★ 《婚姻故事》奧斯卡提名男星亞當催佛化身法拉利創始人 ★ 《分岐者系列》知名女星雪琳伍德利再創演技新巔峰 ★ 《瘋狂競賽片》奧斯卡獲獎女星潘妮洛普克魯茲加盟演出 ★ 《蜘蛛人：穿越新宇宙》奧斯卡提名作曲家打造動人樂章 ★ 《曼克》《控制》奧斯卡獲獎攝影師構築精彩畫面 ★ 《模仿遊戲》《時時刻刻》奧斯卡提名美術巧手重現歷史場景 ★幕前幕後陣容華麗，強勢問鼎2024奧斯卡！  1957年夏天，前職業車手恩佐法拉利（亞當崔佛 飾）的人生陷入空前危機，他和妻子蘿拉（潘
17,電影版 淘氣小企鵝啵樂樂 超級明星大冒險(國語版),Pororo Popstar Adventure (Chinese),https://today.line.me/tw/v2/article/605lGwj,https://today.line.me/tw/v2/movie/0M6n1W2,10,• 1小時45分 • 上映1週,輔15級,★ 淘氣小企鵝啵樂樂》系列製作團隊打造20週年紀念奇幻冒險鉅獻！ ★ 啵樂樂和朋友們踏上了成為宇宙明星的冒險旅程！ ★ 中文配音版本全台獻映  啵樂樂和朋友們為了參加選出全宇宙最佳超級明星的音樂慶典，踏上了旅程！在藍色石行星上降落的啵樂樂和朋友們，遇上了充滿熱情的經紀人斯克特，在斯克特的幫助下，「啵樂樂樂團」站上了令人心動的預賽。另一邊，帶領著完美AI偶像團「I.ONE」的惡棍大班為了贏過斯克特，意識到「啵樂樂樂團」的超人氣，便決定展開妨礙計畫。比起得冠軍，更喜歡玩樂的「啵樂樂樂團」踏上特別的冒險旅程！  欲知更多《電影版 淘氣小企鵝啵樂樂 超級明星大冒險》資訊，請上： GaragePla
18,12.12：首爾之春,12.12: The Day,https://today.line.me/tw/v2/article/1DO6ro2,https://today.line.me/tw/v2/movie/EX5Mq7Q,9.9,• 1小時45分 • 上映1週,輔15級,★ 韓國下半年票房NO.1！「雙十二政變」真實事件震撼改編！ ★ “這部電影真的瘋了！”──觀眾滿意度99%超高分好評盛讚！ ★《南山的部長們》《魔鬼對決》製作團隊斥資270億打造震撼鉅獻 ★ 黃晸玟X鄭雨盛繼《阿修羅：正邪頑殺》後再次攜手金性洙導演共創精彩巨作！ ★ 影帝李星民X《緊急迫降》朴解浚X《Moving 異能》金成畇熱情重現驚人事件！ ★《D.P：逃兵追緝令》丁海寅X《犯罪都市3》李俊赫驚喜演出！ ★ 徹底改變亞洲命運的震撼9小時！民主歷史上最糟糕的一天！  1979年10月26日發生總統遇刺事件後，在首爾迎來新氣象之際，12月12日保安司令官全斗光（黃晸玟 飾）發起政變，動員
19,爆裂點,Bursting Point,https://today.line.me/tw/v2/article/ZamxpNQ,https://today.line.me/tw/v2/movie/OpGeBz6,7.0,• 1小時45分 • 上映1週,輔15級,★ 2024開年動作強片，《激戰》《破風》導演林超賢再度挑戰強力動作電影 ★ 影帝張家輝與港台男神陳偉霆、楊佑寧展開臥底大戰，敵我難分，一場掃蕩毒品的戰爭即將展開 ★ 張家輝陷入情義兩難，再展神級演技，陳偉霆展現反派演技，為求表現不擇手段  毒品調查科總督察李振邦（張家輝 飾）派出警方臥底江銘（陳偉霆 飾）滲透進入販毒集團，希望能搗破以韓洋（譚俊彦 飾）為首的犯罪組織，其間警隊與製毒集團之間不斷增添對抗的恩怨，讓事態更顯複雜。  在金三角供應毒品原料的膺秀（梁洛施 飾）在丈夫（楊祐寧 飾）被抓後，到了香港，希望能夠作最後一次行動便收山，沒想到女兒遇上意外，讓李振邦能以此要脅她與警方合作，搗破毒
