,title,price,link
0,Toyota Corolla Altis  2020款 1.8L,58.8萬,https://auto.8891.com.tw/usedauto-infos-2636067.html
1,Toyota Corolla Altis  2017款 1.8L,48.9萬,https://auto.8891.com.tw/usedauto-infos-2650898.html
2,Toyota Corolla Altis  2011款 1.8L,27.9萬,https://auto.8891.com.tw/usedauto-infos-2646712.html
3,Toyota Corolla Altis  2008款 1.8L,28.8萬,https://auto.8891.com.tw/usedauto-infos-2651967.html
4,Toyota Corolla Altis  2008款 1.8L,23.8萬,https://auto.8891.com.tw/usedauto-infos-2658910.html
5,Toyota Corolla Altis  2015款 1.8L,43.8萬,https://auto.8891.com.tw/usedauto-infos-2650026.html
6,Toyota Corolla Altis  2011款 1.8L,29萬,https://auto.8891.com.tw/usedauto-infos-2628888.html
7,Toyota Corolla Altis  2012款 1.8L,27.5萬,https://auto.8891.com.tw/usedauto-infos-2610566.html
8,Toyota Corolla Altis  2015款 1.8L,45.8萬,https://auto.8891.com.tw/usedauto-infos-2645536.html
9,Toyota Corolla Altis  2018款 1.8L,57.8萬,https://auto.8891.com.tw/usedauto-infos-2649721.html
10,Toyota Corolla Altis X  2018款 1.8L,55.8萬,https://auto.8891.com.tw/usedauto-infos-2647984.html
11,Toyota Corolla Altis  2017款 1.8L,38.8萬,https://auto.8891.com.tw/usedauto-infos-2643537.html
12,Toyota Corolla Altis  2012款 1.8L,28.8萬,https://auto.8891.com.tw/usedauto-infos-2616631.html
13,Toyota Corolla Altis  2017款 1.8L,36.8萬,https://auto.8891.com.tw/usedauto-infos-2660459.html
14,Toyota Corolla Altis  2013款 1.8L,34.8萬,https://auto.8891.com.tw/usedauto-infos-2651788.html
15,Toyota Corolla Altis  2015款 1.8L,48.8萬,https://auto.8891.com.tw/usedauto-infos-2648638.html
16,Toyota Corolla Altis  2018款 1.9L,48.5萬,https://auto.8891.com.tw/usedauto-infos-2659612.html
17,Toyota Corolla Altis  2015款 1.8L,32.5萬,https://auto.8891.com.tw/usedauto-infos-2627227.html
18,Toyota Corolla Altis X  2017款 1.8L,21.8萬,https://auto.8891.com.tw/usedauto-infos-2643353.html
19,Toyota Corolla Altis  2017款 1.8L,43.8萬,https://auto.8891.com.tw/usedauto-infos-2651401.html
20,Toyota Corolla Altis  2016款 1.8L,37.8萬,https://auto.8891.com.tw/usedauto-infos-2657820.html
21,Toyota Corolla Altis  2015款 1.8L,38.8萬,https://auto.8891.com.tw/usedauto-infos-2643951.html
22,Toyota Corolla Altis  2017款 1.8L,46萬,https://auto.8891.com.tw/usedauto-infos-2643797.html
23,Toyota Corolla Altis  2017款 1.8L,48.8萬,https://auto.8891.com.tw/usedauto-infos-2658891.html
24,Toyota Corolla Altis  2017款 1.8L,38.5萬,https://auto.8891.com.tw/usedauto-infos-2643566.html
25,Toyota Corolla Altis  2012款 1.8L,30萬,https://auto.8891.com.tw/usedauto-infos-2587258.html
26,Toyota Corolla Altis  2017款 1.8L,53.8萬,https://auto.8891.com.tw/usedauto-infos-2652827.html
27,Toyota Corolla Altis  2017款 1.8L,45萬,https://auto.8891.com.tw/usedauto-infos-2618328.html
28,Toyota Corolla Altis  2015款 1.8L,40.5萬,https://auto.8891.com.tw/usedauto-infos-2615756.html
29,Toyota Corolla Altis  2013款 1.8L,29.8萬,https://auto.8891.com.tw/usedauto-infos-2642470.html
30,Toyota Corolla Altis  2011款 2.0L,20.8萬,https://auto.8891.com.tw/usedauto-infos-2643478.html
31,Toyota Corolla Altis  2010款 1.8L,25.8萬,https://auto.8891.com.tw/usedauto-infos-2581435.html
32,Toyota Corolla Altis  2017款 1.8L,49.5萬,https://auto.8891.com.tw/usedauto-infos-2621571.html
33,Toyota Corolla Altis  2017款 1.8L,40.8萬,https://auto.8891.com.tw/usedauto-infos-2659604.html
34,Toyota Corolla Altis  2017款 1.8L,39.9萬,https://auto.8891.com.tw/usedauto-infos-2645400.html
35,Toyota Corolla Altis X  2015款 1.8L,45萬,https://auto.8891.com.tw/usedauto-infos-2607464.html
36,Toyota Corolla Altis  2016款 1.8L,43萬,https://auto.8891.com.tw/usedauto-infos-2632049.html
37,Toyota Corolla Altis  2014款 1.8L,40.8萬,https://auto.8891.com.tw/usedauto-infos-2632359.html
38,Toyota Corolla Altis  2012款 1.8L,27.8萬,https://auto.8891.com.tw/usedauto-infos-2653030.html
39,Toyota Corolla Altis X  2016款 1.8L,32.8萬,https://auto.8891.com.tw/usedauto-infos-2632021.html
