,title,link
0,部落格寫下季期望 海瓦德：上季結束就充滿動力,https://nba.udn.com//nba/story/6780/5725527
1,歐登再返校園攻讀碩士 盼把握機會投入籃球執教工作,https://nba.udn.com//nba/story/6780/5725619
2,前保鏢家人拍賣藏品 喬丹穿過內褲也有得競標,https://nba.udn.com//nba/story/6780/5725511
3,受布萊恩啟發電影夢 大女兒透露想拿奧斯卡獎,https://nba.udn.com//nba/story/6780/5725252
4,曝正與金塊協議續約 波特自身傷病史將成關鍵,https://nba.udn.com//nba/story/6780/5725129
5,費城主播虧西蒙斯求去 播洪水沖走大垃圾桶畫面,https://nba.udn.com//nba/story/6780/5725141
6,期待湖人新陣容發揮 亞泰斯特：一生只出現一次,https://nba.udn.com//nba/story/6780/5724900
7,總冠軍賽期間訪賭城放風 羅德曼事蹟將改編為電影,https://nba.udn.com//nba/story/6780/5724941
8,專屬個人新版logo亮相 唐西奇解釋背後設計靈感,https://nba.udn.com//nba/story/6780/5724849
9,喊等不及出征歐錦賽 安戴托昆波誓為希臘爭榮耀,https://nba.udn.com//nba/story/6780/5724796
