,title,url,image
0,30醫護搶救新生兒　4張照網友哭了,https://tw.news.yahoo.com/30%E9%86%AB%E8%AD%B7%E6%90%B6%E6%95%91%E6%96%B0%E7%94%9F%E5%85%92-4%E5%BC%B5%E7%85%A7%E7%B6%B2%E5%8F%8B%E5%93%AD%E4%BA%86-231023903.html,https://s.yimg.com/uu/api/res/1.2/JtKtoXz9KzJtqroz6kvmRA--~B/Zmk9c3RyaW07aD0xMjM7cT04MDt3PTIyMDthcHBpZD15dGFjaHlvbg--/https://s.yimg.com/uu/api/res/1.2/T1dB2oxnpMHClyIhoWfTbQ--~B/aD02MDA7dz04MDA7YXBwaWQ9eXRhY2h5b24-/https://media.zenfs.com/ko/setn.com.tw/5b9b22e148ced3d892d6d2321aaeec09.cf.jpg
1,儀表板突亮「烏龜曬太陽」什麼意思？內行見狀驚：別開了,https://tw.news.yahoo.com/%E5%84%80%E8%A1%A8%E6%9D%BF%E7%AA%81%E4%BA%AE-%E7%83%8F%E9%BE%9C%E6%9B%AC%E5%A4%AA%E9%99%BD-%E4%BB%80%E9%BA%BC%E6%84%8F%E6%80%9D-%E5%85%A7%E8%A1%8C%E8%A6%8B%E7%8B%80%E9%A9%9A-%E5%88%A5%E9%96%8B%E4%BA%86-001221318.html,https://s.yimg.com/uu/api/res/1.2/yrunLP8aRH8HzBZAulItBA--~B/Zmk9c3RyaW07aD0xMjM7cT04MDt3PTIyMDthcHBpZD15dGFjaHlvbg--/https://s.yimg.com/uu/api/res/1.2/gWLYV4deEbF8xc6S8wmf3Q--~B/aD01OTY7dz0xMDYwO2FwcGlkPXl0YWNoeW9u/https://media.zenfs.com/zh-tw/news_tvbs_com_tw_938/8347a4ce255dcdb884aa3529af360a5f.cf.jpg
2,老人團湧入飯店　台大教授吃一頓飯驚呆：見識到「台灣力」,https://tw.news.yahoo.com/%E8%80%81%E4%BA%BA%E5%9C%98%E6%B9%A7%E5%85%A5%E9%A3%AF%E5%BA%97-%E5%8F%B0%E5%A4%A7%E6%95%99%E6%8E%88%E5%90%83-%E9%A0%93%E9%A3%AF%E9%A9%9A%E5%91%86-%E8%A6%8B%E8%AD%98%E5%88%B0-%E5%8F%B0%E7%81%A3%E5%8A%9B-030514961.html,https://s.yimg.com/uu/api/res/1.2/VstoDpFmwAFYIX31tzFHGg--~B/Zmk9c3RyaW07aD0xMjM7cT04MDt3PTIyMDthcHBpZD15dGFjaHlvbg--/https://s.yimg.com/uu/api/res/1.2/KNThE71kPACQ6J9jRfLElg--~B/aD00NTI7dz04NTg7YXBwaWQ9eXRhY2h5b24-/https://media.zenfs.com/ko/ctwant_com_582/15bae8a3aecfb328a258749207a9880e.cf.jpg
3,簡舒培逼柯文哲覆誦「4個堅持」　黃瀞瑩嗆：妳口中的綠色價值比紅色還血紅,https://tw.news.yahoo.com/%E7%B0%A1%E8%88%92%E5%9F%B9%E9%80%BC%E6%9F%AF%E6%96%87%E5%93%B2%E8%A6%86%E8%AA%A6-4%E5%80%8B%E5%A0%85%E6%8C%81-%E9%BB%83%E7%80%9E%E7%91%A9%E5%97%86-%E5%A6%B3%E5%8F%A3%E4%B8%AD%E7%9A%84%E7%B6%A0%E8%89%B2%E5%83%B9%E5%80%BC%E6%AF%94%E7%B4%85%E8%89%B2%E9%82%84%E8%A1%80%E7%B4%85-215855610.html,https://s.yimg.com/g/images/spaceball.gif
4,高速撞勞斯萊斯…機車起火「警政委員之子昏迷」　神秘車主身分曝光,https://tw.news.yahoo.com/%E8%AD%A6%E6%94%BF%E5%A7%94%E5%93%A1%E4%B9%8B%E5%AD%90%E9%AB%98%E9%80%9F%E6%92%9E1800%E5%A4%9A%E8%90%AC-%E9%AD%85%E5%BD%B1-%E5%8B%9E%E6%96%AF%E8%90%8A%E6%96%AF%E8%BB%8A%E4%B8%BB%E8%BA%AB%E5%88%86%E6%9B%9D%E5%85%89-221500345.html,https://s.yimg.com/g/images/spaceball.gif
5,蘇慧倫見「兒子和女同學互動」自爆已不肯吻媽媽　感嘆：做婆婆的心情…,https://tw.news.yahoo.com/%E8%98%87%E6%85%A7%E5%80%AB%E8%A6%8B-%E5%85%92%E5%AD%90%E5%92%8C%E5%A5%B3%E5%90%8C%E5%AD%B8%E4%BA%92%E5%8B%95-%E8%87%AA%E7%88%86%E5%B7%B2%E4%B8%8D%E8%82%AF%E5%90%BB%E5%AA%BD%E5%AA%BD-%E6%84%9F%E5%98%86-%E5%81%9A%E5%A9%86%E5%A9%86%E7%9A%84%E5%BF%83%E6%83%85-020000530.html,https://s.yimg.com/g/images/spaceball.gif
6,日媒曝真子公主在紐約找到工作了　年收入三百萬做這件事,https://tw.news.yahoo.com/%E6%97%A5%E5%AA%92%E6%9B%9D%E7%9C%9F%E5%AD%90%E5%85%AC%E4%B8%BB%E5%9C%A8%E7%B4%90%E7%B4%84%E6%89%BE%E5%88%B0%E5%B7%A5%E4%BD%9C%E4%BA%86-%E5%B9%B4%E6%94%B6%E5%85%A5%E4%B8%89%E7%99%BE%E8%90%AC%E5%81%9A%E9%80%99%E4%BB%B6%E4%BA%8B-063912260.html,https://s.yimg.com/g/images/spaceball.gif
7,陳時中：規畫第13輪開放AZ混打BNT,https://tw.news.yahoo.com/%E9%82%8A%E5%A2%83%E4%BD%95%E6%99%82%E6%94%BE%E5%AF%AC%EF%BC%9F%E9%99%B3%E6%99%82%E4%B8%AD%EF%BC%9A%E7%AD%89-2-%E5%8A%91%E7%96%AB%E8%8B%97%E6%B6%B5%E8%93%8B%E7%8E%87%E9%81%94%E4%B8%80%E5%AE%9A%E6%AF%94%E4%BE%8B%E5%86%8D%E6%80%9D%E8%80%83-022521585.html,https://s.yimg.com/g/images/spaceball.gif
8,李來希幫腔顏寬恒卻稱「書讀的不多」 網傻眼：人家美國企管碩士欸,https://tw.news.yahoo.com/%E6%9D%8E%E4%BE%86%E5%B8%8C%E5%B9%AB%E8%85%94%E9%A1%8F%E5%AF%AC%E6%81%92%E5%8D%BB%E7%A8%B1-%E6%9B%B8%E8%AE%80%E7%9A%84%E4%B8%8D%E5%A4%9A-%E7%B6%B2%E5%82%BB%E7%9C%BC-%E4%BA%BA%E5%AE%B6%E7%BE%8E%E5%9C%8B%E4%BC%81%E7%AE%A1%E7%A2%A9%E5%A3%AB%E6%AC%B8-221359239.html,https://s.yimg.com/g/images/spaceball.gif
9,動滋券第二波幸運兒出爐 快對身分證號碼,https://tw.news.yahoo.com/%E5%8B%95%E6%BB%8B%E5%88%B8%E7%AC%AC%E4%BA%8C%E6%B3%A2%E6%8A%BD%E7%B1%A4%E5%87%BA%E7%88%90-%E5%BF%AB%E5%B0%8D%E8%BA%AB%E5%88%86%E8%AD%89%E8%99%9F%E7%A2%BC-025514817.html,https://s.yimg.com/g/images/spaceball.gif
10,人妻上班上到不見！癡情夫「載不到人」茫了…苦等1年心死求離婚,https://tw.news.yahoo.com/%E4%BA%BA%E5%A6%BB%E4%B8%8A%E7%8F%AD%E4%B8%8A%E5%88%B0%E4%B8%8D%E8%A6%8B-%E7%99%A1%E6%83%85%E5%A4%AB-%E8%BC%89%E4%B8%8D%E5%88%B0%E4%BA%BA-%E8%8C%AB%E4%BA%86-%E8%8B%A6%E7%AD%891%E5%B9%B4%E5%BF%83%E6%AD%BB%E6%B1%82%E9%9B%A2%E5%A9%9A-050120819.html,https://s.yimg.com/g/images/spaceball.gif
11,冷到蹲下狂抖！陸空姐行李箱擋寒風　高層路邊罰站感同身受,https://tw.news.yahoo.com/%E5%86%B7%E5%88%B0%E8%B9%B2%E4%B8%8B%E7%8B%82%E6%8A%96-%E9%99%B8%E7%A9%BA%E5%A7%90%E8%A1%8C%E6%9D%8E%E7%AE%B1%E6%93%8B%E5%AF%92%E9%A2%A8-%E9%AB%98%E5%B1%A4%E8%B7%AF%E9%82%8A%E7%BD%B0%E7%AB%99%E6%84%9F%E5%90%8C%E8%BA%AB%E5%8F%97-050105064.html,https://s.yimg.com/g/images/spaceball.gif
12,遭身分起底攻擊　金宣虎前女友怒喊告,https://tw.news.yahoo.com/%E9%81%AD%E8%BA%AB%E5%88%86%E8%B5%B7%E5%BA%95%E6%94%BB%E6%93%8A-%E9%87%91%E5%AE%A3%E8%99%8E%E5%89%8D%E5%A5%B3%E5%8F%8B%E6%80%92%E5%96%8A%E5%91%8A-224003611.html,https://s.yimg.com/g/images/spaceball.gif
13,她嗆未婚夫「1桌不到3萬能看嗎」 網一面倒：可以分了！,https://tw.news.yahoo.com/%E5%A5%B9%E5%97%86%E6%9C%AA%E5%A9%9A%E5%A4%AB%E3%80%8C-1-%E6%A1%8C%E4%B8%8D%E5%88%B0-3-%E8%90%AC%E8%83%BD%E7%9C%8B%E5%97%8E%E3%80%8D-%E7%B6%B2%E4%B8%80%E9%9D%A2%E5%80%92%EF%BC%9A%E5%8F%AF%E4%BB%A5%E5%88%86%E4%BA%86%EF%BC%81-022632576.html,https://s.yimg.com/g/images/spaceball.gif
14,公開阿滴TOEFL成績! 這支影片會讓你對托福改觀! ft.驚奇玩起來,https://tw.news.yahoo.com/%E5%85%AC%E9%96%8B%E9%98%BF%E6%BB%B4toefl%E6%88%90%E7%B8%BE-%E9%80%99%E6%94%AF%E5%BD%B1%E7%89%87%E6%9C%83%E8%AE%93%E4%BD%A0%E5%B0%8D%E6%89%98%E7%A6%8F%E6%94%B9%E8%A7%80-ft-%E9%A9%9A%E5%A5%87%E7%8E%A9%E8%B5%B7%E4%BE%86-041256591.html,https://s.yimg.com/g/images/spaceball.gif
15,陳宗彥質問「大陸是哪國?」徐國勇：大陸有很多,https://tw.news.yahoo.com/%E9%99%B3%E5%AE%97%E5%BD%A5%E8%B3%AA%E5%95%8F-%E5%A4%A7%E9%99%B8%E6%98%AF%E5%93%AA%E5%9C%8B-%E5%BE%90%E5%9C%8B%E5%8B%87-%E5%A4%A7%E9%99%B8%E6%9C%89%E5%BE%88%E5%A4%9A-023452238.html,https://s.yimg.com/g/images/spaceball.gif
16,澎恰恰接代言友人求「別再借錢給他」,https://tw.news.yahoo.com/%E6%BE%8E%E6%81%B0%E6%81%B0%E6%8E%A5%E4%BB%A3%E8%A8%80%E5%8F%8B%E4%BA%BA%E6%B1%82-%E5%88%A5%E5%86%8D%E5%80%9F%E9%8C%A2%E7%B5%A6%E4%BB%96-201000617.html,https://s.yimg.com/g/images/spaceball.gif
17,反聖嬰趨勢「今年冬天會很冷」　她跑3好市多求暖暖包驚見超扯畫面,https://tw.news.yahoo.com/%E5%8F%8D%E8%81%96%E5%AC%B0%E8%B6%A8%E5%8B%A2-%E4%BB%8A%E5%B9%B4%E5%86%AC%E5%A4%A9%E6%9C%83%E5%BE%88%E5%86%B7-%E5%A5%B9%E8%B7%913%E5%A5%BD%E5%B8%82%E5%A4%9A%E6%B1%82%E6%9A%96%E6%9A%96%E5%8C%85%E9%A9%9A%E8%A6%8B%E8%B6%85%E6%89%AF%E7%95%AB%E9%9D%A2-001018437.html,https://s.yimg.com/g/images/spaceball.gif
18,女星遭酒醉尪家暴「12年婚變」　心死要離婚…贍養費7位數起跳,https://tw.news.yahoo.com/%E5%A5%B3%E6%98%9F%E9%81%AD%E9%85%92%E9%86%89%E5%B0%AA%E5%AE%B6%E6%9A%B4-12%E5%B9%B4%E5%A9%9A%E8%AE%8A-%E5%BF%83%E6%AD%BB%E8%A6%81%E9%9B%A2%E5%A9%9A-%E8%B4%8D%E9%A4%8A%E8%B2%BB7%E4%BD%8D%E6%95%B8%E8%B5%B7%E8%B7%B3-203000328.html,https://s.yimg.com/g/images/spaceball.gif
19,「沒拿孝親費還不夠好嗎」婆婆上網公審媳婦反挨轟！,https://tw.news.yahoo.com/%E3%80%8C%E6%B2%92%E6%8B%BF%E5%AD%9D%E8%A6%AA%E8%B2%BB%E9%82%84%E4%B8%8D%E5%A4%A0%E5%A5%BD%E5%97%8E%E3%80%8D%E5%A9%86%E5%A9%86%E4%B8%8A%E7%B6%B2%E5%85%AC%E5%AF%A9%E5%AA%B3%E5%A9%A6%E5%8F%8D%E6%8C%A8%E8%BD%9F%EF%BC%81-001117607.html,https://s.yimg.com/g/images/spaceball.gif
