名稱,連結
登入,https://login.yahoo.com/?.src=twfp&.intl=tw&.lang=zh-Hant-TW&.done=https://tw.yahoo.com&activity=uh-signin&pspid=152963594
信箱,https://mail.yahoo.com/?.src=fp&.intl=tw&.lang=zh-Hant-TW&activity=uh-mail&pspid=152963594
登入,https://login.yahoo.com/?.src=twfp&.intl=tw&.lang=zh-Hant-TW&.done=https://tw.yahoo.com&activity=uh-mail&pspid=152963594
李國毅老婆,http://tw.search.yahoo.com/search?p=%E6%9D%8E%E5%9C%8B%E6%AF%85%E8%80%81%E5%A9%86&fr=yfp-search-tn&fr2=fp-hotsearch
林志玲瘦到好骨感,http://tw.search.yahoo.com/search?p=%E6%9E%97%E5%BF%97%E7%8E%B2%E7%98%A6%E5%88%B0%E5%A5%BD%E9%AA%A8%E6%84%9F&fr=yfp-search-tn&fr2=fp-hotsearch
進銷存系統,http://tw.search.yahoo.com/search?p=%E9%80%B2%E9%8A%B7%E5%AD%98%E7%B3%BB%E7%B5%B1&fr=yfp-search-tn&fr2=fp-hotsearch
台鐵正妹車長熱舞,http://tw.search.yahoo.com/search?p=%E5%8F%B0%E9%90%B5%E6%AD%A3%E5%A6%B9%E8%BB%8A%E9%95%B7%E7%86%B1%E8%88%9E&fr=yfp-search-tn&fr2=fp-hotsearch
家具特賣清倉,http://tw.search.yahoo.com/search?p=%E5%AE%B6%E5%85%B7%E7%89%B9%E8%B3%A3%E6%B8%85%E5%80%89&fr=yfp-search-tn&fr2=fp-hotsearch
麥當勞報報,http://tw.search.yahoo.com/search?p=%E9%BA%A5%E7%95%B6%E5%8B%9E%E5%A0%B1%E5%A0%B1&fr=yfp-search-tn&fr2=fp-hotsearch
谷關住宿,http://tw.search.yahoo.com/search?p=%E8%B0%B7%E9%97%9C%E4%BD%8F%E5%AE%BF&fr=yfp-search-tn&fr2=fp-hotsearch
大樂透號碼,http://tw.search.yahoo.com/search?p=%E5%A4%A7%E6%A8%82%E9%80%8F%E8%99%9F%E7%A2%BC&fr=yfp-search-tn&fr2=fp-hotsearch
雄中指考,http://tw.search.yahoo.com/search?p=%E9%9B%84%E4%B8%AD%E6%8C%87%E8%80%83&fr=yfp-search-tn&fr2=fp-hotsearch
BNT 大學生,http://tw.search.yahoo.com/search?p=BNT%20%E5%A4%A7%E5%AD%B8%E7%94%9F&fr=yfp-search-tn&fr2=fp-hotsearch
10大人氣中秋節月餅,http://tw.search.yahoo.com/search?p=10%E5%A4%A7%E4%BA%BA%E6%B0%A3%E4%B8%AD%E7%A7%8B%E7%AF%80%E6%9C%88%E9%A4%85&fr=yfp-search-tn&fr2=fp-hotsearch
趙薇被封殺,http://tw.search.yahoo.com/search?p=%E8%B6%99%E8%96%87%E8%A2%AB%E5%B0%81%E6%AE%BA&fr=yfp-search-tn&fr2=fp-hotsearch
越南疫情嚴峻,http://tw.search.yahoo.com/search?p=%E8%B6%8A%E5%8D%97%E7%96%AB%E6%83%85%E5%9A%B4%E5%B3%BB&fr=yfp-search-tn&fr2=fp-hotsearch
軍公教調薪退休人員,http://tw.search.yahoo.com/search?p=%E8%BB%8D%E5%85%AC%E6%95%99%E8%AA%BF%E8%96%AA%E9%80%80%E4%BC%91%E4%BA%BA%E5%93%A1&fr=yfp-search-tn&fr2=fp-hotsearch
綾瀨遙,http://tw.search.yahoo.com/search?p=%E7%B6%BE%E7%80%A8%E9%81%99&fr=yfp-search-tn&fr2=fp-hotsearch
台積電待不到一年,http://tw.search.yahoo.com/search?p=%E5%8F%B0%E7%A9%8D%E9%9B%BB%E5%BE%85%E4%B8%8D%E5%88%B0%E4%B8%80%E5%B9%B4&fr=yfp-search-tn&fr2=fp-hotsearch
大谷翔平,http://tw.search.yahoo.com/search?p=%E5%A4%A7%E8%B0%B7%E7%BF%94%E5%B9%B3&fr=yfp-search-tn&fr2=fp-hotsearch
謝淑薇,http://tw.search.yahoo.com/search?p=%E8%AC%9D%E6%B7%91%E8%96%87&fr=yfp-search-tn&fr2=fp-hotsearch
斯卡羅,http://tw.search.yahoo.com/search?p=%E6%96%AF%E5%8D%A1%E7%BE%85&fr=yfp-search-tn&fr2=fp-hotsearch
高雄輕軌,http://tw.search.yahoo.com/search?p=%E9%AB%98%E9%9B%84%E8%BC%95%E8%BB%8C&fr=yfp-search-tn&fr2=fp-hotsearch
新聞,https://tw.news.yahoo.com/
股市,https://tw.stock.yahoo.com/
理財,https://tw.stock.yahoo.com/fund/
運動,https://tw.sports.yahoo.com/
名人娛樂,https://tw.news.yahoo.com/entertainment
電影,https://movies.yahoo.com.tw/
Yahoo TV,https://tw.tv.yahoo.com/
遊戲,https://games.yahoo.com.tw/
日本代購,https://twyahoo.buyee.jp/cobrand?utm_source=twy&utm_medium=twy_toppage_pc&rc=twy_toppage_pc&mrc1=twy&mrc2=twy_toppage_pc&mrc3=link
字典,https://tw.dictionary.yahoo.com/
3C科技,https://tw.news.yahoo.com/technology/
信箱,https://tw.mail.yahoo.com/
氣象,https://tw.news.yahoo.com/weather/
ATM,https://tw.campaign.money.yahoo.com/atm/
公益,https://tw.charity.yahoo.com/
找咖啡,https://travel.campaign.yahoo.com.tw/cafecrawler/
找店+,https://tw.ysm.emarketing.yahoo.com/soeasy/index.php
訂餐廳,https://table.yahoo.com.tw/
帳號保護,https://tw.bid.yahoo.com/help/new_auc/tns/2sv/index.html
拍賣,https://tw.bid.yahoo.com/?co_servername=aME&co_servername2=aME
購物中心,https://tw.buy.yahoo.com/?co_servername=sME&c2=sME
超級商城,https://tw.mall.yahoo.com/?_co=pME&_co2=pME
生活團購,https://yahoo.buy123.com.tw/
每日好康,https://tw.buy.yahoo.com/bestbuy?co_servername=yTDab
汽車機車,https://autos.yahoo.com.tw/
中古車,https://tw.usedcar.yahoo.com/
保險,https://yahoo.ebo.tmnewa.com.tw/
時尚美妝,https://style.yahoo.com.tw/
房地產,https://house.yahoo.com.tw/
旅遊,https://travel.yahoo.com.tw/
健康,https://yahoo.everydayhealth.com.tw/
星座算命,https://yahoo.click108.com.tw/
APP下載,https://promo.campaign.yahoo.com.tw/yahoo-allapp/
網路開店,https://promo.campaign.yahoo.com.tw/b2b/ecmarketing/
買廣告,https://promo.campaign.yahoo.com.tw/b2b/smbmarketing/advertising_index.php
網路行銷,https://promo.campaign.yahoo.com.tw/b2b/b2bmarketing/
聯名卡,https://tw.cards.yahoo.com/
全部服務 >,https://tw.everything.yahoo.com/
指揮家對鋼琴家的「告白」現場上演,https://tw.tv.yahoo.com/asksisy/%E4%B8%8D%E8%AA%AA%E5%87%BA%E5%8F%A3%E7%9A%84%E6%84%9B-%E5%8F%AA%E8%A8%B4%E7%90%B4%E9%9F%B3-%E9%99%B3%E6%AF%93%E8%A5%84%E6%BC%94%E5%A5%8F%E6%9C%83-%E7%84%A6%E5%85%83%E6%BA%A5%E5%B0%8E%E8%81%86-%E8%8C%9C%E5%95%8F%E5%AE%8C%E6%95%B4%E7%89%88-204431328.html
帕運獎牌開張！台灣選手賽程、轉播頻道一次整理,https://tw.news.yahoo.com/topic/olympics-2021
4疫苗將湊齊 搞懂下波輪誰打,https://tw.news.yahoo.com/bnt%E4%BB%8A%E5%88%B0%E8%B2%A8-%E5%9B%9B%E5%A4%A7%E7%96%AB%E8%8B%97-%E9%BD%8A%E8%81%9A%E5%8F%B0%E7%81%A3-%E7%AF%87%E6%96%87%E6%90%9E%E6%87%82%E4%B8%8B%E6%B3%A2%E8%BC%AA%E8%AA%B0%E6%89%93-231742387.html
美股將崩盤？專家：恐跌20％,https://tw.news.yahoo.com/%E7%BE%8E%E8%82%A1%E6%B3%A1%E6%B2%AB%E5%B0%87%E7%A0%B4%E6%BB%85-%E5%B0%88%E5%AE%B6-9%E6%9C%88%E6%81%90%E8%B7%8C20-003000828.html
最後一名美軍撤離 畫面曝光,https://tw.news.yahoo.com/%E5%A1%94%E5%88%A9%E7%8F%AD%E9%80%B2%E6%A9%9F%E5%A0%B4%E7%99%BB%E8%BB%8D%E6%A9%9F%E8%88%88%E5%A5%AE%E6%8B%8D%E7%85%A7-%E6%9C%80%E5%BE%8C-%E5%90%8D%E7%BE%8E%E8%BB%8D%E6%92%A4%E9%9B%A2%E7%95%AB%E9%9D%A2%E6%9B%9D%E5%85%89-032624546.html
政治人物發文出包 小編扛？,https://tw.tv.yahoo.com/wtn--EYECTVdebate/%E5%A4%AE%E8%A6%96%E9%AC%A5%E9%A2%A8%E5%90%91-032702574.html
指揮突告白鋼琴家 全場驚呼,https://tw.tv.yahoo.com/asksisy/%E4%B8%8D%E8%AA%AA%E5%87%BA%E5%8F%A3%E7%9A%84%E6%84%9B-%E5%8F%AA%E8%A8%B4%E7%90%B4%E9%9F%B3-%E9%99%B3%E6%AF%93%E8%A5%84%E6%BC%94%E5%A5%8F%E6%9C%83-%E7%84%A6%E5%85%83%E6%BA%A5%E5%B0%8E%E8%81%86-%E8%8C%9C%E5%95%8F%E5%AE%8C%E6%95%B4%E7%89%88-204431328.html
沒事少去醫院？台大醫急示警,https://tw.news.yahoo.com/%E5%8B%BF%E6%8B%BF%E7%96%AB%E6%83%85%E7%95%B6%E6%8B%96%E5%BB%B6%E8%97%89%E5%8F%A3-%E5%8F%B0%E5%A4%A7%E5%90%8D%E9%86%AB-%E6%9C%89%E9%80%99%E4%B8%89%E6%83%85%E5%BD%A2%E5%8B%99%E5%BF%85%E9%80%9F%E5%9B%9E%E8%A8%BA-225958522.html
鬥13年 王永慶遺產爭奪戰落幕,https://tw.news.yahoo.com/%E9%A6%96%E5%AF%8C%E9%81%BA%E7%94%A2%E5%A4%A7%E5%92%8C%E8%A7%A3-%E7%8E%8B%E6%96%87%E6%B4%8B%E8%B7%9F%E4%B8%89%E5%A8%98%E7%BA%8F%E9%AC%A513%E5%B9%B4-%E7%8E%8B%E6%B0%B8%E6%85%B6528%E5%84%84%E9%81%BA%E7%94%A2%E7%88%AD%E5%A5%AA%E6%88%B0%E8%90%BD%E5%B9%95-215859523.html
為付薪水 董座忍痛「嫁女兒」,https://tw.news.yahoo.com/%E6%99%B6%E8%8F%AF%E8%91%A3%E5%BA%A7%E6%8B%89%E8%AD%A6%E5%A0%B11-%E7%82%BA%E4%BB%98%E6%99%B6%E8%8F%AF%E5%93%A1%E5%B7%A5%E8%96%AA%E6%B0%B4%E8%B3%A3%E6%8E%89%E9%81%94%E7%BE%8E%E6%A8%82-%E6%BD%98%E6%80%9D%E4%BA%AE%E9%82%84%E5%8E%9F-%E5%AB%81%E5%A5%B3%E5%85%92-%E4%BA%A4%E6%98%93%E5%A7%8B%E6%9C%AB-215858274.html
130場共39轟 小葛雷諾寫紀錄,https://tw.news.yahoo.com/130%E5%A0%B4%E6%95%B239%E8%BD%9F-%E5%B0%8F%E8%91%9B%E9%9B%B7%E8%AB%BE%E5%AF%AB%E7%B4%80%E9%8C%84-022037352.html
道奇邀請上場 Betts媽媽開球超逗趣,https://tw.sports.yahoo.com/video/betts%E5%AA%BD%E5%AA%BD%E4%BE%86%E9%96%8B%E7%90%83-%E4%BD%86%E5%A5%B9%E6%98%AF%E4%B8%8D%E6%98%AF%E5%A5%BD%E5%83%8F%E5%97%91%E4%BA%86%E4%BB%80%E9%BA%BC-%E7%8F%8D%E5%A5%87%E5%A0%B4%E9%9D%A2-20210831-054837676.html
精采秀雙刀 Burnes飆出9K還敲打點,https://tw.sports.yahoo.com/video/%E6%9C%89%E4%B8%89%E6%8C%AF%E7%A7%80%E6%9B%B4%E6%9C%89%E9%97%9C%E9%8D%B5%E5%AE%89%E6%89%93-burnes%E4%BA%8C%E5%88%80%E6%B5%81%E8%A1%A8%E7%8F%BE%E5%8A%A9%E9%87%80%E9%85%92%E4%BA%BA%E6%94%B6%E5%8B%9D-mlb%E7%90%83%E6%98%9F%E7%B2%BE%E8%8F%AF-20210831-060524322.html
謝淑薇首輪輕鬆贏 5度闖64強,https://tw.news.yahoo.com/%E7%BE%8E%E7%B6%B2-%E8%AC%9D%E6%B7%91%E8%96%87%E9%A6%96%E8%BC%AA%E8%BC%95%E9%AC%86%E9%81%8E%E9%97%9C-5%E5%BA%A6%E9%97%9664%E5%BC%B7%E5%B9%B3%E7%94%9F%E6%B6%AF%E6%9C%80%E4%BD%B3-020949086.html
不想效力76人 西蒙斯當面告知,https://tw.news.yahoo.com/nba-%E8%A5%BF%E8%92%99%E6%96%AF%E5%91%8A%E7%9F%A576%E4%BA%BA%E4%B8%8D%E5%86%8D%E7%82%BA%E5%85%B6%E6%95%88%E5%8A%9B-%E4%B8%8B%E5%AE%B6%E6%9C%80%E6%96%B0%E8%B3%A0%E7%8E%87%E5%87%BA%E7%88%90-000804223.html
帕運桌球女團未突圍 止步8強,https://tw.sports.yahoo.com/news/%E6%9D%B1%E4%BA%AC%E5%B8%95%E9%81%8B%E6%A1%8C%E7%90%83-tt-9-10-%E7%B4%9A%E5%9C%98%E9%AB%94%E8%B3%BD-%E5%8F%B0%E7%81%A3%E5%A5%B3%E5%9C%98-8-%E5%BC%B7%E6%AD%A2%E6%AD%A5-021546493.html
紅襪驚爆群聚 澤村拓一也確診,https://tw.sports.yahoo.com/news/%E7%B4%85%E8%A5%AA%E9%A9%9A%E7%88%86%E7%BE%A4%E8%81%9A%E6%84%9F%E6%9F%93-%E6%BE%A4%E6%9D%91%E6%8B%93-%E4%B9%9F%E7%A2%BA%E8%A8%BA-020555117.html
重啟戶外活動 衝浪裝備特惠中,https://tw.sports.yahoo.com/news/%E8%A7%A3%E5%B0%81%E9%87%8D%E5%95%9F%E6%88%B6%E5%A4%96%E6%B4%BB%E5%8B%95-%E5%A4%8F%E6%9C%AB%E6%8F%9B%E5%AD%A3%E6%9C%80%E4%BD%8E5%E6%8A%98%E8%B5%B7-%E6%AC%A1%E8%B2%B7%E9%BD%8A%E6%B0%B4%E6%AF%8D%E8%A1%A3-%E8%A1%9D%E6%B5%AA%E8%A4%B2%E7%AD%894%E9%A0%85%E8%A1%9D%E6%B5%AA%E8%A3%9D%E5%82%99-144137294.html
新歌挨批抄襲 周杰倫：懶得理,https://tw.news.yahoo.com/%E6%96%B0%E6%AD%8C%E8%A1%B0%E6%8D%B2%E6%8A%84%E8%A5%B2%E9%A2%A8%E6%B3%A2-%E5%91%A8%E6%9D%B0%E5%80%AB-%E6%87%B6%E5%BE%97%E7%90%86-%E5%93%A5%E8%B5%B0%E5%9C%A8%E5%BE%88%E5%89%8D%E9%9D%A2-025115630.html
歐陽娜娜抖音唱歌收費挨轟 粉絲緩頰,https://tw.tv.yahoo.com/%E8%81%BD%E6%AD%90%E9%99%BD%E5%A8%9C%E5%A8%9C%E6%8A%96%E9%9F%B3%E5%94%B1%E6%AD%8C%E8%A6%81%E6%94%B6%E9%8C%A2-%E8%A2%AB%E7%B2%89%E7%B5%B2%E7%A0%B2%E8%BD%9F-%E6%98%AF%E6%9C%89%E5%A4%9A%E7%BC%BA%E9%8C%A2-101212257.html
鐵粉阿伯量產子瑜版長輩圖 網笑翻,https://tw.tv.yahoo.com/%E7%B6%B2%E5%8F%8B%E5%9C%A8%E9%95%B7%E8%BC%A9%E7%BE%A4%E7%B5%84%E8%A3%A1%E9%A9%9A%E8%A6%8B%E5%A5%BD%E5%A4%9A%E5%AD%90%E7%91%9C-twice-mv%E8%A3%A1%E4%B9%9F%E5%87%BA%E7%8F%BE%E9%95%B7%E8%BC%A9%E6%9C%80%E6%84%9B-101114662.html
攜手開學 佩甄「母女變姊妹」,https://tw.news.yahoo.com/%E5%A4%A7%E6%89%8B%E7%89%BD%E5%B0%8F%E6%89%8B-%E6%9D%8E%E4%BD%A9%E7%94%84%E9%80%81%E5%A5%B3%E5%85%92%E4%B8%8A%E5%AD%B8-%E7%9C%BE%E6%98%9F%E8%AE%9A%E5%B9%B4%E8%BC%95-%E5%BE%9E%E6%AF%8D%E5%A5%B3%E8%AE%8A%E5%A7%8A%E5%A6%B9-021641950.html
青峰判無罪 林暐哲不上訴了！,https://tw.news.yahoo.com/%E5%A5%BD%E6%B6%88%E6%81%AF%EF%BC%81%E5%90%B3%E9%9D%92%E5%B3%B0%E3%80%81%E8%AC%9D%E9%A6%A8%E5%84%80%E7%84%A1%E7%BD%AA-%E5%89%8D%E7%B6%93%E7%B4%80%E4%BA%BA%E6%9E%97%E6%9A%90%E5%93%B2%E6%92%A4%E5%91%8A-024007908.html
喜獲前世情人 李國毅認了當爸,https://tw.news.yahoo.com/%E6%9D%8E%E5%9C%8B%E6%AF%85%E5%96%9C%E8%AA%8D%E8%A6%81%E7%95%B6%E7%88%B8%E4%BA%86-%E6%96%B0%E6%88%90%E5%93%A1%E5%A0%B1%E5%88%B0-%E6%98%AF%E5%A5%B3%E5%AD%A9-010817739.html
林心如赴母校典禮 尪默默守候,https://tw.news.yahoo.com/%E8%B7%9F%E7%B7%8A%E5%BF%83%E5%A6%82%E7%A0%B4%E5%A9%9A%E8%AE%8A-%E6%9E%97%E5%BF%83%E5%A6%82%E6%AF%8D%E6%A0%A1%E5%9C%98%E8%81%9A-%E6%98%9F%E5%90%8C%E5%AD%B8-%E9%9C%8D%E5%BB%BA%E8%8F%AF%E9%9B%B6%E5%AD%98%E5%9C%A8%E6%84%9F%E9%99%AA%E6%94%BE%E5%B0%81-215859060.html
吳鳳熱心撿垃圾 藉機教育女兒,https://tw.news.yahoo.com/%E5%90%B3%E9%B3%B3%E7%8B%82%E6%92%BF%E5%81%9C%E8%BB%8A%E5%A0%B4%E5%9E%83%E5%9C%BE-%E5%A5%B3%E5%85%92-1%E5%BF%83%E7%96%BC%E5%95%8F%E9%A1%8C-%E8%AE%93%E4%BB%96%E7%84%A1%E5%A5%88%E5%98%86-%E6%8D%A8%E4%B8%8D%E5%BE%97-203000912.html
便當只有5根鑫鑫腸 竟賣到缺貨,https://tw.news.yahoo.com/%E6%97%A5%E6%9C%AC%E7%88%86%E7%B4%85%E8%B3%A3%E5%88%B0%E7%BC%BA%E8%B2%A8-%E5%8F%AA%E6%9C%895%E6%A0%B9%E9%91%AB%E9%91%AB%E8%85%B8%E7%9A%84%E4%BE%BF%E7%95%B6-%E7%BE%8E%E5%91%B3%E4%BD%9B%E5%BF%83%E5%83%B9%E4%BE%86%E8%87%AA%E9%90%B5%E7%B2%89%E7%9A%84%E6%84%9B-070850014.html
澳洲驚現罕見巨尾 空拍驚險10秒,https://tw.tv.yahoo.com/%E5%A4%AA%E5%B9%B8%E9%81%8B%E4%BA%86-%E6%BE%B3%E6%B4%B2%E8%A1%9D%E6%B5%AA%E8%80%85%E9%81%87%E5%88%B0%E5%BA%A7%E9%A0%AD%E9%AF%A8%E5%92%8C%E7%89%A0%E7%9A%84%E5%AF%B6%E5%AF%B6-000000076.html
沒看過冷氣機？老外歎：歐洲沒有,https://tw.news.yahoo.com/%E5%BD%B1-%E4%BE%86%E5%8F%B0%E6%89%8D%E7%9F%A5%E9%81%93%E7%9A%846%E6%A8%A3%E7%94%A2%E5%93%81-%E6%B3%95%E5%9C%8B%E5%8F%B0%E5%AE%A2%E5%98%86-%E7%82%BA%E4%BD%95%E6%AD%90%E6%B4%B2%E6%B2%92%E6%9C%89-060002674.html
小一兒開學 爸開箱歎：錢沒了,https://tw.news.yahoo.com/%E5%B0%8F-%E5%85%92%E9%96%8B%E5%AD%B8-%E7%88%B8%E6%9B%AC%E9%96%8B%E7%AE%B1%E6%96%87-%E8%8D%B7%E5%8C%85%E7%98%A6%E4%BA%86-021624511.html
飯店工作31年 獲鉅額遺產嚇到,https://tw.news.yahoo.com/%E5%9C%9F%E8%80%B3%E5%85%B6%E9%A3%AF%E5%BA%97%E8%80%81%E8%87%A3%E9%81%87%E8%8B%B1%E5%9C%8B%E5%AF%8C%E8%B1%AA-%E6%AD%BB%E5%BE%8C%E7%95%99%E9%89%85%E9%A1%8D%E9%81%BA%E7%94%A2%E7%B5%A6%E4%BB%96-%E5%8F%AF%E7%9B%B4%E6%8E%A5%E9%80%80%E4%BC%91%E4%BA%86-004957832.html
錢放銀行8年歸零 存摺竟藏4字,https://tw.news.yahoo.com/%E5%AD%98%E6%AC%BE%E6%94%BE%E9%8A%80%E8%A1%8C8%E5%B9%B4%E6%AD%B8%E9%9B%B6-%E5%AD%98%E6%91%BA4%E5%AD%97%E8%97%8F%E7%9C%9F%E7%9B%B8-030906855.html
大陸認證「最大蟑螂」網笑噴,https://tw.news.yahoo.com/%E5%BB%A3%E5%B7%9E%E7%99%BD%E9%9B%B2%E6%A9%9F%E5%A0%B4%E6%BF%80%E4%BC%BC-%E5%B0%8F%E5%BC%B7-%E7%B6%B2%E5%8F%8B%E7%AC%91%E5%99%B4-%E9%82%84%E6%9C%89%E9%AC%9A%E9%AC%9A%E7%9C%9F%E7%9A%84%E9%81%8E%E5%88%86-082026073.html
8千套房僅1張床 北部人：便宜,https://tw.news.yahoo.com/%E5%8F%B0%E5%8C%978%E5%8D%83%E5%A5%97%E6%88%BF%E5%8F%AA%E6%9C%891%E5%BC%B5%E5%BA%8A-%E7%B6%B2%E5%8F%8D%E5%96%8A%E4%BE%BF%E5%AE%9C-140036093.html
天然食卻傷肝腎 醫列4植物有毒,https://bit.ly/3mOPDBa
嘴上嫌卻超愛 悶騷星座第一名,https://bit.ly/2Y9C1Gl
繞4次原地打轉 公路見小廟快閃,https://bit.ly/3zDTpRu
比儲蓄險更好 吳淡如分析CP值,https://bit.ly/3mPsFK9
24歲貧血竟癌末 機率高4倍主因,https://bit.ly/3mNlwdt
比168斷食更溫和 無痛月甩5kg,https://tw.style.yahoo.com/168-%E6%96%B7%E9%A3%9F%E5%A5%BD%E9%9B%A3%E5%A0%85%E6%8C%81%EF%BC%9F%E7%87%9F%E9%A4%8A%E5%B8%AB%E6%8E%A8%E6%BA%AB%E5%92%8C%E7%89%88%E3%80%8C-1410-%E6%96%B7%E9%A3%9F%E6%B3%95%E3%80%8D%EF%BC%8C%E5%AF%A6%E6%B8%AC%E4%B8%80%E5%80%8B%E6%9C%88%E7%84%A1%E7%97%9B%E7%98%A6%E4%BA%94%E5%85%AC%E6%96%A4%EF%BC%81-010758316.html
2百萬電梯老房敢買？揭關鍵,https://bit.ly/3BvMf26
日系烤箱附15道食譜 4千有找,https://tw.style.yahoo.com/%E7%96%AB%E6%83%85-%E5%81%A5%E5%BA%B7-%E6%96%99%E7%90%86-%E9%A3%9F%E8%AD%9C-%E7%83%A4%E7%AE%B1-%E6%B0%A3%E7%82%B8%E9%8D%8B-%E9%9B%BB%E5%AD%90%E9%8D%8B-%E7%83%A4%E9%BA%B5%E5%8C%85-%E6%B0%A3%E6%B3%A1%E6%B0%B4%E6%A9%9F-%E5%AE%B6%E9%9B%BB-050156002.html
日月潭老闆忙炸 人多沒空找錢,https://tw.tv.yahoo.com/very310529/%E5%92%8C%E5%9C%98%E5%93%A1%E9%80%9B%E6%97%A5%E6%9C%88%E6%BD%AD%E8%80%81%E8%A1%97%E7%9A%84%E7%B1%B3%E5%85%B6%E6%9E%97%E4%B8%89%E6%98%9F%E7%BE%8E%E9%A3%9F-095107179.html#0901ss
防疫不只會洗手 園方：動物界學霸,https://tw.tv.yahoo.com/yahoo-warmnews/yahoo%E7%B2%BE%E9%81%B8%E6%9A%96%E6%96%B0%E8%81%9E-8-30-9-5-065024698.html#0901ss
超人：雙親遭殺害 6年後巨怪再現,https://tw.tv.yahoo.com/ultraman-trigger/%E8%B6%85%E4%BA%BA%E5%8A%9B%E9%9C%B8%E7%8E%8B%E7%89%B9%E5%88%A9%E5%8D%A1-ep05-%E5%AE%8C%E6%95%B4%E7%89%88-010000233.html#0901ss
深達250ｍ飄臭 下探巨洞失訊號,https://tw.tv.yahoo.com/global-videos/%E7%84%A1%E4%BA%BA%E6%A9%9F%E9%80%B2%E5%8E%BB%E6%B2%92%E8%A8%8A%E8%99%9F-%E8%91%89%E9%96%80%E6%95%B8%E7%99%BE%E8%90%AC%E5%B9%B4%E7%A5%9E%E7%A5%95%E5%9C%B0%E6%B4%9E%E5%82%B3%E5%9B%9A%E7%A6%81%E6%83%A1%E9%AD%94-040334694.html#0901ss
魚群流竄水溝 台南人猛撈嗨翻,https://tw.tv.yahoo.com/ebcnews/%E9%96%8B%E5%BF%83%E6%B0%B4%E6%97%8F%E7%AE%B1-%E6%B0%B4%E6%BA%9D%E5%86%92%E5%AD%94%E9%9B%80%E9%AD%9A-%E5%A4%A7%E8%82%9A%E9%AD%9A-%E6%B0%91%E7%9C%BE%E6%90%B6%E6%92%88-023811904.html#0901ss
24歲女辭經理 返台嚇到徵保母,https://tw.tv.yahoo.com/CWvideo/24%E6%AD%B2%E8%BE%AD%E7%99%BE%E4%BA%8B%E7%B6%93%E7%90%86%E8%81%B7-%E8%BF%94%E5%8F%B0%E5%89%B5%E5%AF%B5%E7%89%A9%E4%BF%9D%E5%A7%86app%E6%95%91%E6%B5%AA%E6%B5%AA-061745486.html#0901ss
室友助攻「機智」女大生釣男神,https://www.litv.tv/vod/drama/content.do?content_id=VOD00223483&sponsorName=eWFob28=&autoPlay=1#0901ss
19歲中4億大獎 現況曝網勸了,https://tw.tv.yahoo.com/ycreators/%E4%B8%AD%E6%A8%82%E9%80%8F%E4%B9%8B%E5%BE%8C%E5%8F%8D%E8%80%8C%E9%81%8E%E5%BE%97%E6%9B%B4%E6%85%98-4%E5%80%8B%E8%B2%A0%E9%9D%A2%E6%83%B3%E6%B3%95%E8%AE%93%E4%BD%A0%E8%B6%8A%E9%81%8E%E8%B6%8A%E7%AA%AE-165623964.html#0901ss
央視鬥風向,https://tw.tv.yahoo.com/wtn--EYECTVdebate/
政治人物發文頻出包 小編該負全責嗎,https://tw.tv.yahoo.com/wtn--EYECTVdebate/%E5%A4%AE%E8%A6%96%E9%AC%A5%E9%A2%A8%E5%90%91-032702574.html
服務條款 (更新版),https://www.verizonmedia.com/policies/tw/zh-hant/verizonmedia/terms/otos/index.html
隱私權政策 (更新版),https://www.verizonmedia.com/policies/tw/zh-hant/verizonmedia/privacy/index.html
服務中心,https://tw.help.yahoo.com/kb/account
安全性,https://safety.yahoo.com/TW
網路行銷,https://yahoo-emarketing.tumblr.com
中小企業行銷,https://yahoo-smbmarketing.tumblr.com
工作機會,https://www.verizonmedia.com/careers
Yahoo奇摩官方部落格,http://ycorpblog.tumblr.com
Yahoo奇摩粉絲團,https://www.facebook.com/Yahoo.Kimo
